リスト名,列名（内部）,列名（表示名）,型,必須,用途,備考（入力例）
予約リスト,（要確認）,Title,1行テキスト,○,予約の識別名。アプリが自動生成,会議室A_20260401_0900（枠名＋日付＋開始時刻）
予約リスト,（要確認）,FrameName,1行テキスト,○,予約枠の名称,会議室A
予約リスト,（要確認）,パターン名,1行テキスト,−,適用された質問パターン名,会議室利用申請
予約リスト,（要確認）,ResDate,日付と時刻（日付のみ）,○,利用日,2026/04/01
予約リスト,（要確認）,StartTime,日付と時刻,○,利用開始日時,2026/04/01 9:00
予約リスト,（要確認）,EndTime,日付と時刻,○,利用終了日時,2026/04/01 10:00
予約リスト,（要確認）,DurationMin,数値,○,利用時間（分）。編集時の枠数計算に使用,60
予約リスト,（要確認）,SlotId,数値,○,開始時間枠のID（予約枠時間マスタのID）,1234
予約リスト,（要確認）,SlotKey,1行テキスト,−,枠名が重複しても識別できるキー,本社|会議室|2026/04/01 09:00
予約リスト,（要確認）,Status,選択肢,○,予約の状態,承認待ち / 予約確定 / 差し戻し / 再承認待ち / 取り消し
予約リスト,（要確認）,HeadCount,数値,○,利用人数。日にち単位の枠で定員判定に使用,3
予約リスト,（要確認）,社員番号,1行テキスト,○,予約者の社員番号。自分の予約の絞り込みに使用,100234
予約リスト,（要確認）,氏名,1行テキスト,○,予約者氏名。固定項目の回答から転記,山田 太郎
予約リスト,（要確認）,役職,1行テキスト,−,予約者の役職。管理者判定にも使用,課長
予約リスト,（要確認）,組織階層0,1行テキスト,−,予約者の所属（最上位）,本社
予約リスト,（要確認）,組織階層1,1行テキスト,−,予約者の所属,営業本部
予約リスト,（要確認）,組織階層2,1行テキスト,−,予約者の所属。一覧の所属名に表示,第一営業部
予約リスト,（要確認）,組織階層3,1行テキスト,−,予約者の所属（最下位）,第一課
予約リスト,（要確認）,メールアドレス,1行テキスト,−,通知メールの宛先,yamada@example.co.jp
予約リスト,（要確認）,回答JSON,複数行テキスト,○,質問項目への回答一式。編集画面はこれだけで再構成する,"[{""ItemKey"":""fix_name_kanji"",""Label"":""氏名"",""Kind"":""text"",""Value"":""山田 太郎"", ...}]"
予約リスト,（要確認）,RejectReason,複数行テキスト,−,差し戻し理由。管理者が入力,利用目的の記載が不足しています
予約リスト,（要確認）,承認者,1行テキスト,−,個別承認した管理者の氏名,鈴木 花子
予約リスト,（要確認）,承認日時,日付と時刻,−,個別承認した日時,2026/03/25 14:30
予約リスト,（既定）,ID,数値（自動）,自動,予約の一意キー。明細・フローから参照,57
予約リスト,（既定）,Created,日付と時刻（自動）,自動,予約登録日時。一覧に表示,2026/03/24 10:15
予約明細,（要確認）,ResId,数値,○,予約リストのID。予約との紐付け,57
予約明細,（要確認）,SlotId,数値,○,予約枠時間マスタのID。押さえた枠,1234
予約明細,（要確認）,DayId,数値,○,予約枠日マスタのID。日単位の集計に使用,88
予約明細,（要確認）,SlotDate,日付と時刻（日付のみ）,○,利用日。期間での絞り込みに使用,2026/04/01
予約明細,（要確認）,HeadCount,数値,○,この枠で使う人数。編集時の空き判定に使用,3
予約明細,（要確認）,Title,1行テキスト,−,明細の識別名,フローの実装に依存
予約明細,（既定）,ID,数値（自動）,自動,明細の一意キー,301
予約枠日マスタ,（要確認）,Title,1行テキスト,○,予約枠の名称。カレンダーに表示,会議室A
予約枠日マスタ,（要確認）,SlotDate,日付と時刻（日付のみ）,○,対象日,2026/04/01
予約枠日マスタ,（要確認）,FrameType,選択肢,○,枠の種類。空き判定の方式を決める,時間単位 / 日にち単位
予約枠日マスタ,（要確認）,Category,1行テキスト,○,大分類。絞り込みに使用,本社
予約枠日マスタ,（要確認）,SubCategory,1行テキスト,○,中分類。絞り込みに使用,会議室
予約枠日マスタ,（要確認）,ColorR,数値,−,表示色の赤。未設定時は126,126
予約枠日マスタ,（要確認）,ColorG,数値,−,表示色の緑。未設定時は199,199
予約枠日マスタ,（要確認）,ColorB,数値,−,表示色の青。未設定時は216,216
予約枠日マスタ,（要確認）,PublishDate,日付と時刻（日付のみ）,−,公開開始日。空欄なら即時公開,2026/03/01
予約枠日マスタ,（要確認）,TotalSlots,数値,−,その日の時間枠の総数,16
予約枠日マスタ,（要確認）,FullSlots,数値,−,満枠になった時間枠の数。満員表示に使用,3
予約枠日マスタ,（要確認）,CloseDaysBefore,数値,−,受付期限。利用日の何日前まで受け付けるか,1（前日まで）
予約枠日マスタ,（要確認）,EditDaysBefore,数値,−,変更期限。利用日の何日前まで変更できるか,3
予約枠日マスタ,（要確認）,PatternName,1行テキスト,−,この枠で使う質問パターン名,会議室利用申請
予約枠日マスタ,（既定）,ID,数値（自動）,自動,枠日の一意キー。時間マスタ・明細から参照,88
予約枠時間マスタ,（要確認）,DayId,数値,○,予約枠日マスタのID。親との紐付け,88
予約枠時間マスタ,（要確認）,StartTime,日付と時刻,○,時間帯の開始,2026/04/01 9:00
予約枠時間マスタ,（要確認）,EndTime,日付と時刻,○,時間帯の終了,2026/04/01 9:30
予約枠時間マスタ,（要確認）,Capacity,数値,○,上限。時間単位は1（件数）、日にち単位は定員（人数）,1 または 20
予約枠時間マスタ,（要確認）,ReservedCount,数値,○,予約済み数。空き判定の基準,3
予約枠時間マスタ,（要確認）,SlotDate,日付と時刻（日付のみ）,−,利用日。期間での絞り込みに使用,2026/04/01
予約枠時間マスタ,（要確認）,PublishDate,日付と時刻（日付のみ）,−,公開開始日。空欄なら即時公開,2026/03/01
予約枠時間マスタ,（要確認）,CloseDaysBefore,数値,−,受付期限。利用日の何日前まで受け付けるか,1
予約枠時間マスタ,（要確認）,EditDaysBefore,数値,−,変更期限。利用日の何日前まで変更できるか,3
予約枠時間マスタ,（既定）,ID,数値（自動）,自動,時間枠の一意キー。予約リストのSlotIdが指す先,1234
項目マスタ,（要確認）,項目ラベル,1行テキスト,○,質問文。パターンからはこの値で参照される,利用目的
項目マスタ,（要確認）,項目種別,選択肢,○,入力欄の種類,section / text / textarea / radio / select / number / date / checkbox
項目マスタ,（要確認）,選択肢,複数行テキスト,−,選択肢の一覧をJSON配列で保持。radio / select / checkbox で使用,"[""社内会議"",""来客対応""]"
項目マスタ,（要確認）,グループ名,1行テキスト,−,項目の分類。未設定時は「未分類」,会議室関連
項目マスタ,（要確認）,有効,はい/いいえ,○,使用中かどうか。いいえは選択肢に出ない,はい
項目マスタ,（既定）,ID,数値（自動）,自動,項目の一意キー。回答JSONのItemKeyに入る,12
パターンマスタ,（要確認）,パターン名,1行テキスト,○,パターンの名称。枠からはこの値で参照される,会議室利用申請
パターンマスタ,（要確認）,構成JSON,複数行テキスト,○,項目の並びと設定を保持,"[{""id"":""利用目的"",""req"":true,""remarks"":""具体的にご記入ください""}]"
パターンマスタ,（要確認）,有効,はい/いいえ,○,使用中かどうか,はい
パターンマスタ,（要確認）,Title,1行テキスト,−,既定のタイトル列,パターン名と同じ値が入る想定
パターンマスタ,（既定）,ID,数値（自動）,自動,パターンの一意キー,5
予約枠事前登録マスタ,（要確認）,Title,1行テキスト,○,枠の名称,会議室A
予約枠事前登録マスタ,（要確認）,Category,1行テキスト,○,大分類,本社
予約枠事前登録マスタ,（要確認）,SubCategory,1行テキスト,○,中分類,会議室
予約枠事前登録マスタ,（要確認）,FrameType,選択肢,○,枠の種類,時間単位 / 日にち単位
予約枠事前登録マスタ,（要確認）,PeriodStart,日付と時刻（日付のみ）,○,展開する期間の開始,2026/04/01
予約枠事前登録マスタ,（要確認）,PeriodEnd,日付と時刻（日付のみ）,○,展開する期間の終了,2026/09/30
予約枠事前登録マスタ,（要確認）,Weekdays,1行テキスト,○,展開する曜日,曜日番号を区切って保持
予約枠事前登録マスタ,（要確認）,ExceptDays,複数行テキスト,−,展開から除く日,日付を区切って保持
予約枠事前登録マスタ,（要確認）,StartHour,数値,○,開始時（時）,9
予約枠事前登録マスタ,（要確認）,StartMinute,数値,○,開始時（分）,0
予約枠事前登録マスタ,（要確認）,EndHour,数値,○,終了時（時）,17
予約枠事前登録マスタ,（要確認）,EndMinute,数値,○,終了時（分）,0
予約枠事前登録マスタ,（要確認）,SlotUnitMin,数値,○,1枠の長さ（分）,30
予約枠事前登録マスタ,（要確認）,Capacity,数値,○,上限。日にち単位は定員,1 または 20
予約枠事前登録マスタ,（要確認）,PublishDate,日付と時刻（日付のみ）,−,公開開始日,2026/03/01
予約枠事前登録マスタ,（要確認）,CloseDaysBefore,数値,−,受付期限,1
予約枠事前登録マスタ,（要確認）,EditDaysBefore,数値,−,変更期限,3
予約枠事前登録マスタ,（要確認）,PatternName,1行テキスト,−,使用する質問パターン名,会議室利用申請
予約枠事前登録マスタ,（要確認）,メールテンプレート名,1行テキスト,−,通知に使うテンプレート,会議室予約通知
予約枠事前登録マスタ,（要確認）,ColorR,数値,−,表示色の赤,126
予約枠事前登録マスタ,（要確認）,ColorG,数値,−,表示色の緑,199
予約枠事前登録マスタ,（要確認）,ColorB,数値,−,表示色の青,216
予約枠事前登録マスタ,（要確認）,ConfigJson,複数行テキスト,−,設定のスナップショット,展開フローが参照
予約枠事前登録マスタ,（要確認）,ExpandStatus,1行テキスト,−,展開の状態,展開中 / 未展開
予約枠事前登録マスタ,（要確認）,IsActive,はい/いいえ,○,有効かどうか,はい
予約枠事前登録マスタ,（既定）,ID,数値（自動）,自動,一意キー,3
カテゴリマスタ,（要確認）,カテゴリ,1行テキスト,○,大分類,本社
カテゴリマスタ,（要確認）,サブカテゴリ,1行テキスト,○,中分類,会議室
カテゴリマスタ,（要確認）,有効,はい/いいえ,○,使用中かどうか,はい
カテゴリマスタ,（既定）,ID,数値（自動）,自動,一意キー,2
グループマスタ,（要確認）,グループ名,1行テキスト,○,項目マスタの分類名,会議室関連
グループマスタ,（既定）,ID,数値（自動）,自動,一意キー,4
休業日マスタ,（要確認）,HolidayDate,日付と時刻（日付のみ）,○,休業日,2026/05/03
休業日マスタ,（要確認）,Title,1行テキスト,−,休業日の名称。カレンダーに表示,憲法記念日
休業日マスタ,（要確認）,Category,1行テキスト,−,対象の大分類。空欄なら全体,本社
休業日マスタ,（要確認）,SubCategory,1行テキスト,−,対象の中分類。空欄なら大分類全体,会議室
休業日マスタ,（要確認）,IsActive,はい/いいえ,○,有効かどうか。未設定時は有効扱い,はい
休業日マスタ,（既定）,ID,数値（自動）,自動,一意キー,9
お知らせ管理,（要確認）,有効,はい/いいえ,○,表示するかどうか。有効な1件を表示,はい
お知らせ管理,（要確認）,本文（列名要確認）,複数行テキスト,○,お知らせの内容,4月よりシステムを更新しました
お知らせ管理,（既定）,ID,数値（自動）,自動,一意キー,1
メールテンプレート管理,（要確認）,テンプレート名,1行テキスト,○,テンプレートの名称。枠から参照される,会議室予約通知
メールテンプレート管理,（要確認）,共通／個別,選択肢,○,枠ごとに選べるのは「個別」のみ,共通 / 個別
メールテンプレート管理,（既定）,ID,数値（自動）,自動,一意キー,6
