リスト名,用途,1行の単位,作成・更新元,参照元,関連するリスト,備考
予約リスト,予約1件の本体。予約者の所属情報、利用日時、ステータス、質問への回答を保持する。承認・差し戻し・取り消しの状態管理もここで行う,予約1件,利用者／管理者アプリ（登録・編集・承認・取り消し）,両アプリの予約一覧、カレンダー、各種フロー,予約明細（ID を ResId で参照）、予約枠時間マスタ（SlotId）、パターンマスタ（パターン名）,回答JSON に登録時点の質問と回答を写し取るため、後からマスタを変更しても過去の予約の表示は変わらない
予約明細,予約が押さえている時間枠を1枠ずつ記録する。予約リストの子にあたり、1時間の予約で30分枠なら2行できる,予約 × 時間枠,Power Automate フロー（登録時・更新時・取消時）,両アプリ（編集時の自分の押さえ枠の把握、枠ごとの予約件数表示）,予約リスト（ResId）、予約枠時間マスタ（SlotId）、予約枠日マスタ（DayId）,アプリ側の書き込み処理は廃止済み。現在は参照のみ
予約枠日マスタ,「予約枠 × 日付」の単位で枠の属性と当日の予約状況を保持する。カレンダーに表示される枠の実体,枠 × 日,展開フロー（行の生成）、管理者アプリ（枠設定画面での集計値の更新）,両アプリのカレンダー（月・週・一覧表示）、予約登録画面,予約枠事前登録マスタ（展開元）、予約枠時間マスタ（子）,公開日・受付期限・変更期限・満枠数を持ち、予約可否の一次判定に使う
予約枠時間マスタ,「予約枠 × 日付 × 時間帯」の単位で空き状況を保持する。予約可否判定の実体,枠 × 日 × 時間帯,展開フロー（行の生成）、Power Automate フロー（予約数の加減算）、管理者アプリ（枠設定画面）,両アプリ（空き確認、時間帯の選択肢の生成）,予約枠日マスタ（親：DayId）、予約明細（SlotId）,ReservedCount >= Capacity で満枠と判定。時間単位は Capacity=1（件数）、日にち単位は定員（人数）
項目マスタ,予約時に尋ねる質問項目を1件ずつ定義する。入力欄の種類と選択肢を持つ,質問項目1件,管理者アプリ（項目マスタ管理画面）,パターンマスタの編集、予約登録画面の描画,パターンマスタ（項目ラベルで参照される）,項目ラベルが参照キーのため、ラベルを変更するとパターンとの紐付けが切れる
パターンマスタ,項目マスタの項目を並べた質問セット。予約枠に紐付けて、予約登録画面の入力欄を決める,質問パターン1件,管理者アプリ（パターン管理画面）,予約登録画面（枠に紐付いたパターンを展開）,項目マスタ（構成JSON の id で参照）、予約枠日マスタ（PatternName）,構成JSON に項目の並び、必須設定、備考を保持する
予約枠事前登録マスタ,枠の設定（期間・曜日・時間帯・定員など）を登録し、日マスタと時間マスタへ展開する元データ,枠の設定1件,管理者アプリ（予約枠事前登録画面）,展開フロー,予約枠日マスタ・予約枠時間マスタ（展開先）、パターンマスタ、メールテンプレート管理,ExpandStatus で展開の進行状況を管理する
カテゴリマスタ,予約枠の大分類・中分類を定義する。カレンダーの絞り込みに使う,大分類 × 中分類の組み合わせ1件,管理者アプリ,両アプリのカレンダー（絞り込み）、予約枠事前登録画面,予約枠日マスタ（Category / SubCategory）,同名の中分類を区別するため、アプリ内では「大分類｜中分類」をキーとして扱う
グループマスタ,項目マスタの項目を分類するためのグループ名を定義する,グループ1件,管理者アプリ,項目マスタ管理画面（グループの選択肢）,項目マスタ（グループ名）,「未分類」は常に先頭に表示される
休業日マスタ,予約を受け付けない日を定義する。大分類・中分類を指定すると、その範囲だけ休業にできる,休業日1件,管理者アプリ,両アプリのカレンダー（休業日の表示と予約不可判定）,カテゴリマスタ（Category / SubCategory）,空欄なら全体の休業日として扱う
お知らせ管理,お知らせ画面に表示する内容を保持する,お知らせ1件,管理者（SharePoint 上で直接編集の可能性あり）,両アプリのお知らせ画面,—,有効なもの1件を表示する作り
メールテンプレート管理,通知メールの文面テンプレートを保持する,テンプレート1件,管理者（SharePoint 上で直接編集の可能性あり）,予約枠事前登録画面（枠へのテンプレート紐付け）、通知フロー,予約枠事前登録マスタ（メールテンプレート名）,アプリが参照するのはテンプレート名と共通／個別のみ。件名・本文はフロー側で使用
